{"cameraMode":{"drawMode":0,"name":"Shaded","section":"Shading Mode"},"sceneLighting":true,"audioPlay":false,"sceneViewState":{"showFog":true,"showMaterialUpdate":true,"showSkybox":true,"showFlares":true,"showImageEffects":true,"showParticleSystems":true},"in2DMode":false,"pivot":{"x":23.436695098876954,"y":161.01641845703126,"z":-165.5373992919922},"rotation":{"x":-0.34555208683013918,"y":-0.14493976533412934,"z":0.05409720540046692,"w":-0.9255756139755249},"size":13.042929649353028,"orthographic":false}