{"cameraMode":{"drawMode":0,"name":"Shaded","section":"Shading Mode"},"sceneLighting":false,"audioPlay":false,"sceneViewState":{"showFog":true,"showMaterialUpdate":true,"showSkybox":false,"showFlares":true,"showImageEffects":true,"showParticleSystems":true},"in2DMode":false,"pivot":{"x":0.0,"y":1.7087308168411255,"z":-0.12292969226837158},"rotation":{"x":-0.0026714045088738205,"y":0.9948328137397766,"z":-0.027175212278962137,"w":-0.09787417203187943},"size":8.453347206115723,"orthographic":false}