{"cameraMode":{"drawMode":0,"name":"Shaded","section":"Shading Mode"},"sceneLighting":false,"audioPlay":false,"sceneViewState":{"showFog":true,"showMaterialUpdate":false,"showSkybox":false,"showFlares":true,"showImageEffects":true,"showParticleSystems":true},"in2DMode":false,"pivot":{"x":7.572811126708984,"y":5.2431640625,"z":-6.921720504760742},"rotation":{"x":-0.051698360592126849,"y":-0.08229552954435349,"z":-0.004274740815162659,"w":0.9952572584152222},"size":7.790106773376465,"orthographic":true}